﻿<?xml version="1.0" encoding="utf-8"?><toc><breadcrumbs><li><a href="d75eb659-6335-53f6-af7a-81814a21ab7f.htm">Docs</a></li><li><a href="d75eb659-6335-53f6-af7a-81814a21ab7f.htm">Contacts</a></li><li><a href="c5898993-eed1-a932-ea31-add19a99eb82.htm">Media<wbr />Tek<wbr />86.<wbr />bddmanager</a></li><li><a href="5b272bfd-d179-7c3d-2261-779c71b181c8.htm">Bdd<wbr />Manager</a></li></breadcrumbs><tocItems><li><a id="041e284a-f87c-a3ed-0146-10de838f008a" href="041e284a-f87c-a3ed-0146-10de838f008a.htm">Constructor</a></li><li><a id="619bdb80-7c84-b24f-2362-2a3198198d25" class="has-submenu" href="619bdb80-7c84-b24f-2362-2a3198198d25.htm"><span data-tocFile="../toc/IDBABA.xml" class="icon toggle" onclick="ToggleExpandCollapse(this); return false;"><i class="fa fa-angle-right"> </i></span>Methods</a><ul class="toc-menu is-hidden"> </ul></li><li><a id="12bae93d-cf78-1073-ddd2-da63ae7b20a9" class="has-submenu" href="12bae93d-cf78-1073-ddd2-da63ae7b20a9.htm"><span data-tocFile="../toc/IDCABA.xml" class="icon toggle" onclick="ToggleExpandCollapse(this); return false;"><i class="fa fa-angle-right"> </i></span>Fields</a><ul class="toc-menu is-hidden"> </ul></li></tocItems></toc>