﻿<?xml version="1.0" encoding="utf-8"?><toc><breadcrumbs><li><a href="d75eb659-6335-53f6-af7a-81814a21ab7f.htm">Docs</a></li><li><a href="d75eb659-6335-53f6-af7a-81814a21ab7f.htm">Contacts</a></li><li><a href="0432dcb9-034b-a0a7-9b38-ca0cb3f16711.htm">Media<wbr />Tek<wbr />86.<wbr />model</a></li><li><a href="7bc26cda-03dd-1b0e-8ea2-f40a8d893660.htm">Absence</a></li></breadcrumbs><tocItems><li><a id="d94480f8-f262-7f47-f815-517fb5d00158" href="d94480f8-f262-7f47-f815-517fb5d00158.htm">Constructor</a></li><li><a id="465cc9e5-cded-891f-60de-5dbf345ddf2c" class="has-submenu" href="465cc9e5-cded-891f-60de-5dbf345ddf2c.htm"><span data-tocFile="../toc/IDBAEA.xml" class="icon toggle" onclick="ToggleExpandCollapse(this); return false;"><i class="fa fa-angle-right"> </i></span>Properties</a><ul class="toc-menu is-hidden"> </ul></li><li><a id="b08c9cc2-599e-0f72-500e-3239c5b17928" class="has-submenu" href="b08c9cc2-599e-0f72-500e-3239c5b17928.htm"><span data-tocFile="../toc/IDCAEA.xml" class="icon toggle" onclick="ToggleExpandCollapse(this); return false;"><i class="fa fa-angle-right"> </i></span>Methods</a><ul class="toc-menu is-hidden"> </ul></li></tocItems></toc>