﻿<?xml version="1.0" encoding="utf-8"?><toc><breadcrumbs><li><a href="d75eb659-6335-53f6-af7a-81814a21ab7f.htm">Docs</a></li><li><a href="d75eb659-6335-53f6-af7a-81814a21ab7f.htm">Contacts</a></li><li><a href="c5898993-eed1-a932-ea31-add19a99eb82.htm">Media<wbr />Tek<wbr />86.<wbr />bddmanager</a></li><li><a href="5b272bfd-d179-7c3d-2261-779c71b181c8.htm">Bdd<wbr />Manager</a></li><li><a href="619bdb80-7c84-b24f-2362-2a3198198d25.htm">Methods</a></li></breadcrumbs><tocItems><li><a id="30417b22-a028-141c-435e-91616d17f663" href="30417b22-a028-141c-435e-91616d17f663.htm">Get<wbr />Instance</a></li><li><a id="3e91ffca-a204-ee30-5db8-169b1066b35e" href="3e91ffca-a204-ee30-5db8-169b1066b35e.htm">Req<wbr />Select</a></li><li><a id="e4da6e32-2b26-c026-310b-7a0199c2cf6f" href="e4da6e32-2b26-c026-310b-7a0199c2cf6f.htm">Req<wbr />Update</a></li></tocItems></toc>