﻿<?xml version="1.0" encoding="utf-8"?><toc><breadcrumbs><li><a href="d75eb659-6335-53f6-af7a-81814a21ab7f.htm">Docs</a></li><li><a href="d75eb659-6335-53f6-af7a-81814a21ab7f.htm">Contacts</a></li><li><a href="917a76a8-be2e-b492-98ef-cc530d95ceea.htm">Media<wbr />Tek<wbr />86</a></li><li><a href="851f25d2-7074-8c16-7150-07f882ae2279.htm">Program</a></li></breadcrumbs><tocItems><li><a id="02b28bbe-955a-ccd2-9e98-78f3b8614b6d" class="has-submenu" href="02b28bbe-955a-ccd2-9e98-78f3b8614b6d.htm"><span data-tocFile="../toc/IDABAA.xml" class="icon toggle" onclick="ToggleExpandCollapse(this); return false;"><i class="fa fa-angle-right"> </i></span>Methods</a><ul class="toc-menu is-hidden"> </ul></li></tocItems></toc>