﻿<?xml version="1.0" encoding="utf-8"?><toc><breadcrumbs><li><a href="d75eb659-6335-53f6-af7a-81814a21ab7f.htm">Docs</a></li><li><a href="d75eb659-6335-53f6-af7a-81814a21ab7f.htm">Contacts</a></li><li><a href="a203e813-d063-178e-aa8e-3e84c2fa63b4.htm">Media<wbr />Tek<wbr />86.<wbr />controller</a></li><li><a href="02e5c4d1-2b95-af30-40c8-08c4756745dc.htm">Frm<wbr />Connexion<wbr />Controller</a></li><li><a href="d38057a1-d757-304d-95a5-7abe4c459000.htm">Methods</a></li></breadcrumbs><tocItems><li><a id="f1badb03-7822-7098-880c-69d4f2efbb99" href="f1badb03-7822-7098-880c-69d4f2efbb99.htm">Controle<wbr />Connexion</a></li></tocItems></toc>