﻿<?xml version="1.0" encoding="utf-8"?><toc><breadcrumbs><li><a href="d75eb659-6335-53f6-af7a-81814a21ab7f.htm">Docs</a></li><li><a href="d75eb659-6335-53f6-af7a-81814a21ab7f.htm">Contacts</a></li><li><a href="0432dcb9-034b-a0a7-9b38-ca0cb3f16711.htm">Media<wbr />Tek<wbr />86.<wbr />model</a></li><li><a href="cb3628fe-6ce3-3ccf-adc4-5bfc76648391.htm">Motif</a></li><li><a href="05822081-080a-203c-0a36-a143d2bbb264.htm">Properties</a></li></breadcrumbs><tocItems><li><a id="33f4af73-b52d-c8e0-254e-fad295f1c4b4" href="33f4af73-b52d-c8e0-254e-fad295f1c4b4.htm">Code<wbr />Motif</a></li><li><a id="d38718e0-9398-04bf-6362-3b20667b3f87" href="d38718e0-9398-04bf-6362-3b20667b3f87.htm">Date<wbr />Creation</a></li><li><a id="f2200837-1a1a-76b0-49fb-7ab1132da086" href="f2200837-1a1a-76b0-49fb-7ab1132da086.htm">Est<wbr />Conge<wbr />Payé</a></li><li><a id="faa5037e-e9b5-f609-6f24-01ef756a2d1d" href="faa5037e-e9b5-f609-6f24-01ef756a2d1d.htm">Idmotif</a></li><li><a id="8dc01394-8d94-1179-bf6b-a78b71bf5652" href="8dc01394-8d94-1179-bf6b-a78b71bf5652.htm">Libelle</a></li><li><a id="851f2436-ecdd-24d6-1c4f-44f5596569e7" href="851f2436-ecdd-24d6-1c4f-44f5596569e7.htm">Libelle<wbr />Court</a></li></tocItems></toc>