﻿<?xml version="1.0" encoding="utf-8"?><toc><breadcrumbs><li><a href="d75eb659-6335-53f6-af7a-81814a21ab7f.htm">Docs</a></li><li><a href="d75eb659-6335-53f6-af7a-81814a21ab7f.htm">Contacts</a></li><li><a href="a203e813-d063-178e-aa8e-3e84c2fa63b4.htm">Media<wbr />Tek<wbr />86.<wbr />controller</a></li><li><a href="02e5c4d1-2b95-af30-40c8-08c4756745dc.htm">Frm<wbr />Connexion<wbr />Controller</a></li></breadcrumbs><tocItems><li><a id="6e4e809d-3dae-7f78-7c4a-cadbb9596999" href="6e4e809d-3dae-7f78-7c4a-cadbb9596999.htm">Constructor</a></li><li><a id="d38057a1-d757-304d-95a5-7abe4c459000" class="has-submenu" href="d38057a1-d757-304d-95a5-7abe4c459000.htm"><span data-tocFile="../toc/IDBBCA.xml" class="icon toggle" onclick="ToggleExpandCollapse(this); return false;"><i class="fa fa-angle-right"> </i></span>Methods</a><ul class="toc-menu is-hidden"> </ul></li><li><a id="d875f4fa-771f-93c4-e65b-3529411df360" class="has-submenu" href="d875f4fa-771f-93c4-e65b-3529411df360.htm"><span data-tocFile="../toc/IDCBCA.xml" class="icon toggle" onclick="ToggleExpandCollapse(this); return false;"><i class="fa fa-angle-right"> </i></span>Fields</a><ul class="toc-menu is-hidden"> </ul></li></tocItems></toc>