﻿<?xml version="1.0" encoding="utf-8"?><toc><breadcrumbs><li><a href="d75eb659-6335-53f6-af7a-81814a21ab7f.htm">Docs</a></li><li><a href="d75eb659-6335-53f6-af7a-81814a21ab7f.htm">Contacts</a></li><li><a href="a203e813-d063-178e-aa8e-3e84c2fa63b4.htm">Media<wbr />Tek<wbr />86.<wbr />controller</a></li><li><a href="ee1427ac-098a-3fa7-5aba-180ce0884dcf.htm">Frm<wbr />Gestion<wbr />Personnel<wbr />Controller</a></li><li><a href="1a3f7b10-3e81-520e-bcef-0859b8320209.htm">Methods</a></li></breadcrumbs><tocItems><li><a id="2dc2f9fc-9762-db79-f643-0b7c6a24e278" href="2dc2f9fc-9762-db79-f643-0b7c6a24e278.htm">Add<wbr />Personnel</a></li><li><a id="d7cd55a4-8857-3682-1986-efbb3a4325de" href="d7cd55a4-8857-3682-1986-efbb3a4325de.htm">Del<wbr />Personnel</a></li><li><a id="5c92f754-be41-e5ac-411f-446f7e0b4ab5" href="5c92f754-be41-e5ac-411f-446f7e0b4ab5.htm">Get<wbr />Le<wbr />Personnel</a></li><li><a id="a3c750e3-5731-b3e5-c350-d83ba79bb765" href="a3c750e3-5731-b3e5-c350-d83ba79bb765.htm">Get<wbr />Les<wbr />Services</a></li><li><a id="a40978c9-dc13-24ce-7be3-f032e7776121" href="a40978c9-dc13-24ce-7be3-f032e7776121.htm">Update<wbr />Personnel</a></li></tocItems></toc>