﻿<?xml version="1.0" encoding="utf-8"?><toc><breadcrumbs><li><a href="d75eb659-6335-53f6-af7a-81814a21ab7f.htm">Docs</a></li><li><a href="d75eb659-6335-53f6-af7a-81814a21ab7f.htm">Contacts</a></li><li><a href="0432dcb9-034b-a0a7-9b38-ca0cb3f16711.htm">Media<wbr />Tek<wbr />86.<wbr />model</a></li><li><a href="4d4b169c-2eef-0ad0-fd6a-9ba8d9670922.htm">Responsable</a></li><li><a href="40cfd4b9-2b8e-c6d8-72e4-da1cd2de5ce9.htm">Properties</a></li></breadcrumbs><tocItems><li><a id="a6fc5b2e-70d4-86ad-4110-d141efa98e5d" href="a6fc5b2e-70d4-86ad-4110-d141efa98e5d.htm">Login</a></li><li><a id="fe29dff7-df23-96e8-b861-124285fd419e" href="fe29dff7-df23-96e8-b861-124285fd419e.htm">Pwd</a></li></tocItems></toc>