﻿<?xml version="1.0" encoding="utf-8"?><toc><breadcrumbs><li><a href="d75eb659-6335-53f6-af7a-81814a21ab7f.htm">Docs</a></li><li><a href="d75eb659-6335-53f6-af7a-81814a21ab7f.htm">Contacts</a></li><li><a href="a203e813-d063-178e-aa8e-3e84c2fa63b4.htm">Media<wbr />Tek<wbr />86.<wbr />controller</a></li></breadcrumbs><tocItems><li><a id="ce0095a8-592a-e8d6-7af3-0376f6857a2e" class="has-submenu" href="ce0095a8-592a-e8d6-7af3-0376f6857a2e.htm"><span data-tocFile="../toc/IDACA.xml" class="icon toggle" onclick="ToggleExpandCollapse(this); return false;"><i class="fa fa-angle-right"> </i></span>Frm<wbr />Absences<wbr />Controller</a><ul class="toc-menu is-hidden"> </ul></li><li><a id="02e5c4d1-2b95-af30-40c8-08c4756745dc" class="has-submenu" href="02e5c4d1-2b95-af30-40c8-08c4756745dc.htm"><span data-tocFile="../toc/IDBCA.xml" class="icon toggle" onclick="ToggleExpandCollapse(this); return false;"><i class="fa fa-angle-right"> </i></span>Frm<wbr />Connexion<wbr />Controller</a><ul class="toc-menu is-hidden"> </ul></li><li><a id="ee1427ac-098a-3fa7-5aba-180ce0884dcf" class="has-submenu" href="ee1427ac-098a-3fa7-5aba-180ce0884dcf.htm"><span data-tocFile="../toc/IDCCA.xml" class="icon toggle" onclick="ToggleExpandCollapse(this); return false;"><i class="fa fa-angle-right"> </i></span>Frm<wbr />Gestion<wbr />Personnel<wbr />Controller</a><ul class="toc-menu is-hidden"> </ul></li></tocItems></toc>