﻿<?xml version="1.0" encoding="utf-8"?><toc><breadcrumbs><li><a href="d75eb659-6335-53f6-af7a-81814a21ab7f.htm">Docs</a></li><li><a href="d75eb659-6335-53f6-af7a-81814a21ab7f.htm">Contacts</a></li><li><a href="0432dcb9-034b-a0a7-9b38-ca0cb3f16711.htm">Media<wbr />Tek<wbr />86.<wbr />model</a></li><li><a href="7bc26cda-03dd-1b0e-8ea2-f40a8d893660.htm">Absence</a></li><li><a href="b08c9cc2-599e-0f72-500e-3239c5b17928.htm">Methods</a></li></breadcrumbs><tocItems><li><a id="268ee39d-b079-0642-c3c9-38ac67a85a7d" href="268ee39d-b079-0642-c3c9-38ac67a85a7d.htm">To<wbr />String</a></li></tocItems></toc>