﻿<?xml version="1.0" encoding="utf-8"?><toc><breadcrumbs><li><a href="d75eb659-6335-53f6-af7a-81814a21ab7f.htm">Docs</a></li><li><a href="d75eb659-6335-53f6-af7a-81814a21ab7f.htm">Contacts</a></li><li><a href="c5898993-eed1-a932-ea31-add19a99eb82.htm">Media<wbr />Tek<wbr />86.<wbr />bddmanager</a></li><li><a href="5b272bfd-d179-7c3d-2261-779c71b181c8.htm">Bdd<wbr />Manager</a></li><li><a href="12bae93d-cf78-1073-ddd2-da63ae7b20a9.htm">Fields</a></li></breadcrumbs><tocItems><li><a id="78110873-be30-c09c-e6d5-20c3245fe762" href="78110873-be30-c09c-e6d5-20c3245fe762.htm">connection</a></li><li><a id="15711ab0-64e8-686d-e9b9-61f956d1bfb0" href="15711ab0-64e8-686d-e9b9-61f956d1bfb0.htm">instance</a></li></tocItems></toc>