﻿<?xml version="1.0" encoding="utf-8"?><toc><breadcrumbs><li><a href="d75eb659-6335-53f6-af7a-81814a21ab7f.htm">Docs</a></li><li><a href="d75eb659-6335-53f6-af7a-81814a21ab7f.htm">Contacts</a></li><li><a href="664fd9da-fcc9-8ede-52c5-fb8d850dc85e.htm">Media<wbr />Tek<wbr />86.<wbr />dal</a></li><li><a href="71815df7-9e77-c3e0-b8ae-dda4bf80fb61.htm">Absence<wbr />Access</a></li><li><a href="8027de2b-d8a4-ce8f-ef58-ac9cced737f4.htm">Fields</a></li></breadcrumbs><tocItems><li><a id="5b95b6c7-b2a7-d076-4695-caf10b777491" href="5b95b6c7-b2a7-d076-4695-caf10b777491.htm">access</a></li><li><a id="b2915958-8dd6-c7bc-1b3f-e9237390ef59" href="b2915958-8dd6-c7bc-1b3f-e9237390ef59.htm">Date<wbr />Debut<wbr />Avant</a></li><li><a id="d32a041e-ab11-2dd0-6426-c4537d340ef9" href="d32a041e-ab11-2dd0-6426-c4537d340ef9.htm">Date<wbr />Fin<wbr />Avant</a></li></tocItems></toc>