﻿<?xml version="1.0" encoding="utf-8"?><toc><breadcrumbs><li><a href="d75eb659-6335-53f6-af7a-81814a21ab7f.htm">Docs</a></li><li><a href="d75eb659-6335-53f6-af7a-81814a21ab7f.htm">Contacts</a></li><li><a href="583bfb73-d659-5a0a-d86d-6318483a2360.htm">Media<wbr />Tek<wbr />86.<wbr />view</a></li><li><a href="130b9b40-bd12-7a0c-65d1-a40df7ca3874.htm">Frm<wbr />Connexion</a></li><li><a href="c00836be-1c19-89e3-1373-27f33d8ecb9d.htm">Methods</a></li></breadcrumbs><tocItems><li><a id="284a9e9a-091d-36b5-b25d-3b5a0c4a1394" href="284a9e9a-091d-36b5-b25d-3b5a0c4a1394.htm">btn<wbr />Connexion_<wbr />Click</a></li><li><a id="e058860c-e033-fed9-dae6-63077eb1ad47" class="has-submenu" href="e058860c-e033-fed9-dae6-63077eb1ad47.htm"><span data-tocFile="../toc/IDBCBFA.xml" class="icon toggle" onclick="ToggleExpandCollapse(this); return false;"><i class="fa fa-angle-right"> </i></span>Dispose</a><ul class="toc-menu is-hidden"> </ul></li><li><a id="8b55b720-c927-fef5-703e-61b3decf6b58" href="8b55b720-c927-fef5-703e-61b3decf6b58.htm">Init</a></li><li><a id="c9632442-2626-de6c-581a-3254e940d0fc" href="c9632442-2626-de6c-581a-3254e940d0fc.htm">Initialize<wbr />Component</a></li></tocItems></toc>