﻿<?xml version="1.0" encoding="utf-8"?><toc><breadcrumbs><li><a href="d75eb659-6335-53f6-af7a-81814a21ab7f.htm">Docs</a></li><li><a href="d75eb659-6335-53f6-af7a-81814a21ab7f.htm">Contacts</a></li><li><a href="a203e813-d063-178e-aa8e-3e84c2fa63b4.htm">Media<wbr />Tek<wbr />86.<wbr />controller</a></li><li><a href="ee1427ac-098a-3fa7-5aba-180ce0884dcf.htm">Frm<wbr />Gestion<wbr />Personnel<wbr />Controller</a></li><li><a href="4cd5c2e8-62f3-d11f-6054-b366165c94ea.htm">Fields</a></li></breadcrumbs><tocItems><li><a id="3ea03946-0071-ff5c-a3d6-7d6a1e32b09a" href="3ea03946-0071-ff5c-a3d6-7d6a1e32b09a.htm">personnel<wbr />Access</a></li><li><a id="c39d1c05-50e3-56da-9439-b0fd6dbe700a" href="c39d1c05-50e3-56da-9439-b0fd6dbe700a.htm">service<wbr />Access</a></li></tocItems></toc>