﻿<?xml version="1.0" encoding="utf-8"?><toc><breadcrumbs><li><a href="d75eb659-6335-53f6-af7a-81814a21ab7f.htm">Docs</a></li><li><a href="d75eb659-6335-53f6-af7a-81814a21ab7f.htm">Contacts</a></li><li><a href="0432dcb9-034b-a0a7-9b38-ca0cb3f16711.htm">Media<wbr />Tek<wbr />86.<wbr />model</a></li><li><a href="6c8a792f-b526-cdfd-29fe-248d03e6b5e0.htm">Service</a></li><li><a href="17178bba-0ba9-b9bf-2418-1b85940b2702.htm">Methods</a></li></breadcrumbs><tocItems><li><a id="14a52cd8-b7c8-af3f-8348-583033640b45" href="14a52cd8-b7c8-af3f-8348-583033640b45.htm">To<wbr />String</a></li></tocItems></toc>