﻿<?xml version="1.0" encoding="utf-8"?><toc><breadcrumbs><li><a href="d75eb659-6335-53f6-af7a-81814a21ab7f.htm">Docs</a></li><li><a href="d75eb659-6335-53f6-af7a-81814a21ab7f.htm">Contacts</a></li><li><a href="0432dcb9-034b-a0a7-9b38-ca0cb3f16711.htm">Media<wbr />Tek<wbr />86.<wbr />model</a></li><li><a href="416c4d8a-57b3-2bc5-b563-920d6b444bb6.htm">Personnel</a></li></breadcrumbs><tocItems><li><a id="b5649cb8-5a2d-9ef6-6b6a-de260d2eed90" href="b5649cb8-5a2d-9ef6-6b6a-de260d2eed90.htm">Constructor</a></li><li><a id="4a1226bb-eb66-8a47-c161-92b867a1b44f" class="has-submenu" href="4a1226bb-eb66-8a47-c161-92b867a1b44f.htm"><span data-tocFile="../toc/IDBCEA.xml" class="icon toggle" onclick="ToggleExpandCollapse(this); return false;"><i class="fa fa-angle-right"> </i></span>Properties</a><ul class="toc-menu is-hidden"> </ul></li><li><a id="65e249a4-8fde-6b08-1fc4-3fa2def30ad0" href="65e249a4-8fde-6b08-1fc4-3fa2def30ad0.htm">Methods</a></li></tocItems></toc>