﻿<?xml version="1.0" encoding="utf-8"?><toc><breadcrumbs><li><a href="d75eb659-6335-53f6-af7a-81814a21ab7f.htm">Docs</a></li><li><a href="d75eb659-6335-53f6-af7a-81814a21ab7f.htm">Contacts</a></li><li><a href="664fd9da-fcc9-8ede-52c5-fb8d850dc85e.htm">Media<wbr />Tek<wbr />86.<wbr />dal</a></li></breadcrumbs><tocItems><li><a id="71815df7-9e77-c3e0-b8ae-dda4bf80fb61" class="has-submenu" href="71815df7-9e77-c3e0-b8ae-dda4bf80fb61.htm"><span data-tocFile="../toc/IDADA.xml" class="icon toggle" onclick="ToggleExpandCollapse(this); return false;"><i class="fa fa-angle-right"> </i></span>Absence<wbr />Access</a><ul class="toc-menu is-hidden"> </ul></li><li><a id="094dbb9f-3799-d744-716e-528c538afb5a" class="has-submenu" href="094dbb9f-3799-d744-716e-528c538afb5a.htm"><span data-tocFile="../toc/IDBDA.xml" class="icon toggle" onclick="ToggleExpandCollapse(this); return false;"><i class="fa fa-angle-right"> </i></span>Access</a><ul class="toc-menu is-hidden"> </ul></li><li><a id="1ad76802-a410-b0d1-0e0f-2104e25ec427" class="has-submenu" href="1ad76802-a410-b0d1-0e0f-2104e25ec427.htm"><span data-tocFile="../toc/IDCDA.xml" class="icon toggle" onclick="ToggleExpandCollapse(this); return false;"><i class="fa fa-angle-right"> </i></span>Motif<wbr />Access</a><ul class="toc-menu is-hidden"> </ul></li><li><a id="396c14aa-eb5d-cbd9-a8b2-53318e47bfd1" class="has-submenu" href="396c14aa-eb5d-cbd9-a8b2-53318e47bfd1.htm"><span data-tocFile="../toc/IDDDA.xml" class="icon toggle" onclick="ToggleExpandCollapse(this); return false;"><i class="fa fa-angle-right"> </i></span>Personnel<wbr />Access</a><ul class="toc-menu is-hidden"> </ul></li><li><a id="1d37fc6d-ff1d-e1e9-a742-a8bcc9694687" class="has-submenu" href="1d37fc6d-ff1d-e1e9-a742-a8bcc9694687.htm"><span data-tocFile="../toc/IDEDA.xml" class="icon toggle" onclick="ToggleExpandCollapse(this); return false;"><i class="fa fa-angle-right"> </i></span>Service<wbr />Access</a><ul class="toc-menu is-hidden"> </ul></li></tocItems></toc>