﻿<?xml version="1.0" encoding="utf-8"?><toc><breadcrumbs><li><a href="d75eb659-6335-53f6-af7a-81814a21ab7f.htm">Docs</a></li><li><a href="d75eb659-6335-53f6-af7a-81814a21ab7f.htm">Contacts</a></li><li><a href="664fd9da-fcc9-8ede-52c5-fb8d850dc85e.htm">Media<wbr />Tek<wbr />86.<wbr />dal</a></li><li><a href="396c14aa-eb5d-cbd9-a8b2-53318e47bfd1.htm">Personnel<wbr />Access</a></li></breadcrumbs><tocItems><li><a id="8376f59f-257a-a8f1-ebac-38a9dd35276c" href="8376f59f-257a-a8f1-ebac-38a9dd35276c.htm">Constructor</a></li><li><a id="fe2a4d84-2f12-5509-cd73-e8f3c094af29" class="has-submenu" href="fe2a4d84-2f12-5509-cd73-e8f3c094af29.htm"><span data-tocFile="../toc/IDBDDA.xml" class="icon toggle" onclick="ToggleExpandCollapse(this); return false;"><i class="fa fa-angle-right"> </i></span>Methods</a><ul class="toc-menu is-hidden"> </ul></li><li><a id="4208e3b4-634b-47c3-f1c2-899bb2dd52e7" class="has-submenu" href="4208e3b4-634b-47c3-f1c2-899bb2dd52e7.htm"><span data-tocFile="../toc/IDCDDA.xml" class="icon toggle" onclick="ToggleExpandCollapse(this); return false;"><i class="fa fa-angle-right"> </i></span>Fields</a><ul class="toc-menu is-hidden"> </ul></li></tocItems></toc>