﻿<?xml version="1.0" encoding="utf-8"?><toc><breadcrumbs><li><a href="d75eb659-6335-53f6-af7a-81814a21ab7f.htm">Docs</a></li><li><a href="d75eb659-6335-53f6-af7a-81814a21ab7f.htm">Contacts</a></li><li><a href="0432dcb9-034b-a0a7-9b38-ca0cb3f16711.htm">Media<wbr />Tek<wbr />86.<wbr />model</a></li></breadcrumbs><tocItems><li><a id="7bc26cda-03dd-1b0e-8ea2-f40a8d893660" class="has-submenu" href="7bc26cda-03dd-1b0e-8ea2-f40a8d893660.htm"><span data-tocFile="../toc/IDAEA.xml" class="icon toggle" onclick="ToggleExpandCollapse(this); return false;"><i class="fa fa-angle-right"> </i></span>Absence</a><ul class="toc-menu is-hidden"> </ul></li><li><a id="cb3628fe-6ce3-3ccf-adc4-5bfc76648391" class="has-submenu" href="cb3628fe-6ce3-3ccf-adc4-5bfc76648391.htm"><span data-tocFile="../toc/IDBEA.xml" class="icon toggle" onclick="ToggleExpandCollapse(this); return false;"><i class="fa fa-angle-right"> </i></span>Motif</a><ul class="toc-menu is-hidden"> </ul></li><li><a id="416c4d8a-57b3-2bc5-b563-920d6b444bb6" class="has-submenu" href="416c4d8a-57b3-2bc5-b563-920d6b444bb6.htm"><span data-tocFile="../toc/IDCEA.xml" class="icon toggle" onclick="ToggleExpandCollapse(this); return false;"><i class="fa fa-angle-right"> </i></span>Personnel</a><ul class="toc-menu is-hidden"> </ul></li><li><a id="4d4b169c-2eef-0ad0-fd6a-9ba8d9670922" class="has-submenu" href="4d4b169c-2eef-0ad0-fd6a-9ba8d9670922.htm"><span data-tocFile="../toc/IDDEA.xml" class="icon toggle" onclick="ToggleExpandCollapse(this); return false;"><i class="fa fa-angle-right"> </i></span>Responsable</a><ul class="toc-menu is-hidden"> </ul></li><li><a id="6c8a792f-b526-cdfd-29fe-248d03e6b5e0" class="has-submenu" href="6c8a792f-b526-cdfd-29fe-248d03e6b5e0.htm"><span data-tocFile="../toc/IDEEA.xml" class="icon toggle" onclick="ToggleExpandCollapse(this); return false;"><i class="fa fa-angle-right"> </i></span>Service</a><ul class="toc-menu is-hidden"> </ul></li></tocItems></toc>