﻿<?xml version="1.0" encoding="utf-8"?><toc><breadcrumbs><li><a href="d75eb659-6335-53f6-af7a-81814a21ab7f.htm">Docs</a></li><li><a href="d75eb659-6335-53f6-af7a-81814a21ab7f.htm">Contacts</a></li><li><a href="664fd9da-fcc9-8ede-52c5-fb8d850dc85e.htm">Media<wbr />Tek<wbr />86.<wbr />dal</a></li><li><a href="094dbb9f-3799-d744-716e-528c538afb5a.htm">Access</a></li><li><a href="61752ac3-d92f-fbd0-cd92-860e4bfadc09.htm">Fields</a></li></breadcrumbs><tocItems><li><a id="b414b9ed-5ae5-27f7-1f62-1ad4b514ee4e" href="b414b9ed-5ae5-27f7-1f62-1ad4b514ee4e.htm">connection<wbr />String</a></li><li><a id="ab682491-2cc7-e91a-5bcf-ff879ae7d9fd" href="ab682491-2cc7-e91a-5bcf-ff879ae7d9fd.htm">instance</a></li></tocItems></toc>