﻿<?xml version="1.0" encoding="utf-8"?><toc><breadcrumbs><li><a href="d75eb659-6335-53f6-af7a-81814a21ab7f.htm">Docs</a></li><li><a href="d75eb659-6335-53f6-af7a-81814a21ab7f.htm">Contacts</a></li><li><a href="583bfb73-d659-5a0a-d86d-6318483a2360.htm">Media<wbr />Tek<wbr />86.<wbr />view</a></li></breadcrumbs><tocItems><li><a id="53ce980c-ee20-0305-7afb-1cc33460e1bf" class="has-submenu" href="53ce980c-ee20-0305-7afb-1cc33460e1bf.htm"><span data-tocFile="../toc/IDAFA.xml" class="icon toggle" onclick="ToggleExpandCollapse(this); return false;"><i class="fa fa-angle-right"> </i></span>Frm<wbr />Absences</a><ul class="toc-menu is-hidden"> </ul></li><li><a id="130b9b40-bd12-7a0c-65d1-a40df7ca3874" class="has-submenu" href="130b9b40-bd12-7a0c-65d1-a40df7ca3874.htm"><span data-tocFile="../toc/IDBFA.xml" class="icon toggle" onclick="ToggleExpandCollapse(this); return false;"><i class="fa fa-angle-right"> </i></span>Frm<wbr />Connexion</a><ul class="toc-menu is-hidden"> </ul></li><li><a id="f214f856-684f-f0ef-5a49-ca506dd6f272" class="has-submenu" href="f214f856-684f-f0ef-5a49-ca506dd6f272.htm"><span data-tocFile="../toc/IDCFA.xml" class="icon toggle" onclick="ToggleExpandCollapse(this); return false;"><i class="fa fa-angle-right"> </i></span>Frm<wbr />Gestion<wbr />Personnel</a><ul class="toc-menu is-hidden"> </ul></li></tocItems></toc>