﻿<?xml version="1.0" encoding="utf-8"?><toc><breadcrumbs><li><a href="d75eb659-6335-53f6-af7a-81814a21ab7f.htm">Docs</a></li><li><a href="d75eb659-6335-53f6-af7a-81814a21ab7f.htm">Contacts</a></li><li><a href="583bfb73-d659-5a0a-d86d-6318483a2360.htm">Media<wbr />Tek<wbr />86.<wbr />view</a></li><li><a href="f214f856-684f-f0ef-5a49-ca506dd6f272.htm">Frm<wbr />Gestion<wbr />Personnel</a></li><li><a href="fd79011e-a67a-4405-79fb-b7f672db7c5d.htm">Methods</a></li><li><a href="f08b7756-6698-f611-cbdb-17173c5a0de7.htm">Dispose</a></li></breadcrumbs><tocItems><li><a id="1acb4ceb-37c3-3a55-0a51-88bb33de8b0f" href="1acb4ceb-37c3-3a55-0a51-88bb33de8b0f.htm">Dispose(<wbr />Boolean)</a></li></tocItems></toc>